"id","degree"
"N900_RS00015",50
"N900_RS00025",55
"N900_RS00040",81
"N900_RS00045",65
"N900_RS00050",38
"N900_RS00065",59
"N900_RS00075",53
"N900_RS00085",81
"N900_RS00090",74
"N900_RS00105",43
"N900_RS00110",70
"N900_RS00120",65
"N900_RS00125",51
"N900_RS00130",53
"N900_RS00135",48
"N900_RS00140",60
"N900_RS00145",60
"N900_RS00150",54
"N900_RS00155",59
"N900_RS00160",56
"N900_RS00165",40
"N900_RS00170",54
"N900_RS00175",58
"N900_RS00180",63
"N900_RS00185",51
"N900_RS00190",50
"N900_RS00195",66
"N900_RS00200",49
"N900_RS00205",44
"N900_RS00215",57
"N900_RS00225",68
"N900_RS00230",48
"N900_RS00235",43
"N900_RS00240",94
"N900_RS00245",47
"N900_RS00250",49
"N900_RS00255",39
"N900_RS00260",45
"N900_RS00265",78
"N900_RS00270",50
"N900_RS00275",46
"N900_RS00280",45
"N900_RS00320",38
"N900_RS00325",54
"N900_RS00330",70
"N900_RS00335",68
"N900_RS00340",42
"N900_RS00345",58
"N900_RS00350",50
"N900_RS00355",67
"N900_RS00360",56
"N900_RS00365",63
"N900_RS00370",63
"N900_RS00375",67
"N900_RS00380",54
"N900_RS00385",55
"N900_RS00390",70
"N900_RS00395",55
"N900_RS00400",60
"N900_RS00410",67
"N900_RS00415",45
"N900_RS00420",76
"N900_RS00425",44
"N900_RS00430",62
"N900_RS00440",67
"N900_RS00450",61
"N900_RS00455",50
"N900_RS00460",52
"N900_RS00465",48
"N900_RS00470",64
"N900_RS00475",67
"N900_RS00480",66
"N900_RS00485",63
"N900_RS00490",77
"N900_RS00495",48
"N900_RS00505",74
"N900_RS00510",57
"N900_RS00515",38
"N900_RS00520",64
"N900_RS00525",57
"N900_RS00530",66
"N900_RS00540",49
"N900_RS00555",56
"N900_RS00560",47
"N900_RS00565",61
"N900_RS00570",84
"N900_RS00575",61
"N900_RS00580",88
"N900_RS00585",78
"N900_RS00600",54
"N900_RS00605",60
"N900_RS00610",55
"N900_RS00615",67
"N900_RS00620",78
"N900_RS00630",50
"N900_RS00635",47
"N900_RS00640",59
"N900_RS00645",49
"N900_RS00650",72
"N900_RS00655",53
"N900_RS00660",48
"N900_RS00665",64
"N900_RS00670",73
"N900_RS00675",46
"N900_RS00680",45
"N900_RS00685",40
"N900_RS00690",69
"N900_RS00695",73
"N900_RS00705",76
"N900_RS00710",51
"N900_RS00715",61
"N900_RS00720",62
"N900_RS00730",96
"N900_RS00735",52
"N900_RS00745",48
"N900_RS00750",43
"N900_RS00755",78
"N900_RS00760",41
"N900_RS00765",50
"N900_RS00770",47
"N900_RS00780",51
"N900_RS00810",54
"N900_RS00815",51
"N900_RS00820",70
"N900_RS00825",45
"N900_RS00830",59
"N900_RS00835",35
"N900_RS00840",74
"N900_RS00845",52
"N900_RS00850",52
"N900_RS00855",51
"N900_RS00860",49
"N900_RS00865",41
"N900_RS00870",52
"N900_RS00875",64
"N900_RS00880",50
"N900_RS00885",81
"N900_RS00890",43
"N900_RS00895",80
"N900_RS00900",80
"N900_RS00905",82
"N900_RS00910",57
"N900_RS00915",65
"N900_RS00920",79
"N900_RS00925",100
"N900_RS00930",74
"N900_RS00940",41
"N900_RS00945",45
"N900_RS00950",72
"N900_RS00955",55
"N900_RS00960",60
"N900_RS00970",51
"N900_RS00975",48
"N900_RS00980",35
"N900_RS00985",54
"N900_RS00990",47
"N900_RS00995",47
"N900_RS01000",48
"N900_RS01005",45
"N900_RS01015",62
"N900_RS01025",70
"N900_RS01030",41
"N900_RS01035",95
"N900_RS01040",47
"N900_RS01045",58
"N900_RS01050",47
"N900_RS01065",53
"N900_RS01070",58
"N900_RS01075",53
"N900_RS01080",66
"N900_RS01085",65
"N900_RS01090",63
"N900_RS01095",67
"N900_RS01100",80
"N900_RS01105",46
"N900_RS01110",60
"N900_RS01115",109
"N900_RS01120",42
"N900_RS01125",87
"N900_RS01130",54
"N900_RS01135",51
"N900_RS01140",59
"N900_RS01145",64
"N900_RS01150",53
"N900_RS01155",81
"N900_RS01165",48
"N900_RS01175",51
"N900_RS01180",70
"N900_RS01185",45
"N900_RS01190",58
"N900_RS01195",50
"N900_RS01200",69
"N900_RS01205",44
"N900_RS01210",50
"N900_RS01215",46
"N900_RS01220",62
"N900_RS01235",52
"N900_RS01240",36
"N900_RS01245",63
"N900_RS01250",64
"N900_RS01255",65
"N900_RS01260",57
"N900_RS01265",65
"N900_RS01270",42
"N900_RS01275",77
"N900_RS01280",53
"N900_RS01285",74
"N900_RS01290",72
"N900_RS01295",65
"N900_RS01300",49
"N900_RS01305",42
"N900_RS01310",52
"N900_RS01315",50
"N900_RS01320",68
"N900_RS01325",69
"N900_RS01330",46
"N900_RS01335",44
"N900_RS01340",46
"N900_RS01345",49
"N900_RS01355",42
"N900_RS01360",46
"N900_RS01370",75
"N900_RS01375",50
"N900_RS01380",38
"N900_RS01385",56
"N900_RS01390",54
"N900_RS01400",61
"N900_RS01405",55
"N900_RS01415",60
"N900_RS01420",44
"N900_RS01425",79
"N900_RS01430",64
"N900_RS01435",60
"N900_RS01440",50
"N900_RS01445",30
"N900_RS01450",85
"N900_RS01455",43
"N900_RS01460",48
"N900_RS01465",82
"N900_RS01470",57
"N900_RS01475",80
"N900_RS01480",46
"N900_RS01485",46
"N900_RS01490",74
"N900_RS01495",60
"N900_RS01500",64
"N900_RS01505",47
"N900_RS01515",85
"N900_RS01520",55
"N900_RS01525",43
"N900_RS01530",78
"N900_RS01675",60
"N900_RS01680",69
"N900_RS01685",55
"N900_RS01690",74
"N900_RS01695",53
"N900_RS01700",54
"N900_RS01705",72
"N900_RS01710",61
"N900_RS01715",62
"N900_RS01720",75
"N900_RS01725",45
"N900_RS01730",88
"N900_RS01735",72
"N900_RS01740",59
"N900_RS01745",68
"N900_RS01750",61
"N900_RS01755",77
"N900_RS01760",61
"N900_RS01765",58
"N900_RS01770",85
"N900_RS01775",76
"N900_RS01780",51
"N900_RS01785",55
"N900_RS01795",72
"N900_RS01800",69
"N900_RS01805",73
"N900_RS01815",58
"N900_RS01820",60
"N900_RS01825",62
"N900_RS01830",47
"N900_RS01835",62
"N900_RS01840",57
"N900_RS01845",49
"N900_RS01850",83
"N900_RS01855",63
"N900_RS01860",43
"N900_RS01865",58
"N900_RS01885",65
"N900_RS01895",72
"N900_RS01900",83
"N900_RS01905",64
"N900_RS01910",64
"N900_RS01915",59
"N900_RS01920",49
"N900_RS01925",54
"N900_RS01930",72
"N900_RS01945",62
"N900_RS01950",54
"N900_RS01955",60
"N900_RS01965",45
"N900_RS01970",46
"N900_RS01975",49
"N900_RS01980",66
"N900_RS01985",69
"N900_RS01990",62
"N900_RS02000",74
"N900_RS02005",68
"N900_RS02020",55
"N900_RS02030",49
"N900_RS02070",58
"N900_RS02075",60
"N900_RS02080",43
"N900_RS02085",48
"N900_RS02090",37
"N900_RS02095",46
"N900_RS02100",38
"N900_RS02105",52
"N900_RS02110",64
"N900_RS02115",67
"N900_RS02120",48
"N900_RS02125",42
"N900_RS02130",45
"N900_RS02135",84
"N900_RS02140",42
"N900_RS02145",71
"N900_RS02150",76
"N900_RS02175",66
"N900_RS02180",66
"N900_RS02185",51
"N900_RS02190",50
"N900_RS02200",77
"N900_RS02205",76
"N900_RS02215",50
"N900_RS02225",51
"N900_RS02235",57
"N900_RS02250",67
"N900_RS02255",49
"N900_RS02260",44
"N900_RS02265",61
"N900_RS02270",43
"N900_RS02275",42
"N900_RS02280",45
"N900_RS02295",64
"N900_RS02300",46
"N900_RS02305",58
"N900_RS02310",79
"N900_RS02315",61
"N900_RS02320",54
"N900_RS02325",50
"N900_RS02330",50
"N900_RS02335",46
"N900_RS02340",73
"N900_RS02345",52
"N900_RS02350",45
"N900_RS02355",61
"N900_RS02360",49
"N900_RS02365",89
"N900_RS02380",58
"N900_RS02385",66
"N900_RS02395",75
"N900_RS02400",47
"N900_RS02405",70
"N900_RS02410",43
"N900_RS02415",44
"N900_RS02420",82
"N900_RS02425",58
"N900_RS02430",56
"N900_RS02435",47
"N900_RS02440",60
"N900_RS02445",58
"N900_RS02450",79
"N900_RS02455",42
"N900_RS02460",69
"N900_RS02470",86
"N900_RS02555",62
"N900_RS02570",61
"N900_RS02575",59
"N900_RS02580",49
"N900_RS02595",88
"N900_RS02600",74
"N900_RS02605",49
"N900_RS02610",58
"N900_RS02615",71
"N900_RS02620",74
"N900_RS02625",45
"N900_RS02630",32
"N900_RS02635",88
"N900_RS02640",51
"N900_RS02645",48
"N900_RS02650",50
"N900_RS02655",59
"N900_RS02660",52
"N900_RS02665",45
"N900_RS02670",58
"N900_RS02675",53
"N900_RS02680",37
"N900_RS02685",48
"N900_RS02690",44
"N900_RS02695",45
"N900_RS02700",68
"N900_RS02705",80
"N900_RS02715",48
"N900_RS02720",49
"N900_RS02725",61
"N900_RS02730",70
"N900_RS02735",64
"N900_RS02740",53
"N900_RS02745",48
"N900_RS02750",44
"N900_RS02755",52
"N900_RS02760",63
"N900_RS02765",73
"N900_RS02770",77
"N900_RS02775",52
"N900_RS02780",57
"N900_RS02785",52
"N900_RS02790",71
"N900_RS02795",49
"N900_RS02805",57
"N900_RS02810",79
"N900_RS02815",64
"N900_RS02820",52
"N900_RS02825",67
"N900_RS02830",59
"N900_RS02835",46
"N900_RS02840",77
"N900_RS02845",45
"N900_RS02850",86
"N900_RS02855",40
"N900_RS02865",68
"N900_RS02870",66
"N900_RS02875",69
"N900_RS02880",62
"N900_RS02885",64
"N900_RS02890",58
"N900_RS02895",70
"N900_RS02905",38
"N900_RS02910",85
"N900_RS02915",49
"N900_RS02920",71
"N900_RS02925",51
"N900_RS02930",49
"N900_RS02935",36
"N900_RS02940",35
"N900_RS02945",44
"N900_RS02950",52
"N900_RS02955",51
"N900_RS02960",55
"N900_RS02965",55
"N900_RS02970",80
"N900_RS02975",44
"N900_RS02980",47
"N900_RS02985",72
"N900_RS02990",35
"N900_RS02995",40
"N900_RS03000",43
"N900_RS03005",35
"N900_RS03010",41
"N900_RS03015",38
"N900_RS03020",79
"N900_RS03025",64
"N900_RS03030",44
"N900_RS03035",45
"N900_RS03055",52
"N900_RS03060",46
"N900_RS03065",86
"N900_RS03070",58
"N900_RS03075",39
"N900_RS03080",74
"N900_RS03085",42
"N900_RS03090",54
"N900_RS03095",60
"N900_RS03100",82
"N900_RS03105",53
"N900_RS03110",41
"N900_RS03115",49
"N900_RS03120",37
"N900_RS03125",40
"N900_RS03130",58
"N900_RS03135",77
"N900_RS03140",75
"N900_RS03145",83
"N900_RS03150",72
"N900_RS03155",41
"N900_RS03160",49
"N900_RS03240",61
"N900_RS03260",67
"N900_RS03265",52
"N900_RS03270",48
"N900_RS03275",57
"N900_RS03280",52
"N900_RS03285",40
"N900_RS03290",76
"N900_RS03295",48
"N900_RS03305",87
"N900_RS03310",54
"N900_RS03315",79
"N900_RS03320",58
"N900_RS03325",92
"N900_RS03330",59
"N900_RS03335",54
"N900_RS03340",61
"N900_RS03345",45
"N900_RS03350",45
"N900_RS03365",70
"N900_RS03370",52
"N900_RS03375",47
"N900_RS03380",55
"N900_RS03390",74
"N900_RS03395",74
"N900_RS03400",57
"N900_RS03405",48
"N900_RS03410",45
"N900_RS03415",56
"N900_RS03420",67
"N900_RS03425",52
"N900_RS03430",52
"N900_RS03435",43
"N900_RS03440",69
"N900_RS03445",85
"N900_RS03450",53
"N900_RS03455",64
"N900_RS03460",73
"N900_RS03465",53
"N900_RS03470",58
"N900_RS03475",55
"N900_RS03480",66
"N900_RS03485",37
"N900_RS03490",83
"N900_RS03495",63
"N900_RS03500",68
"N900_RS03505",54
"N900_RS03515",70
"N900_RS03520",73
"N900_RS03550",53
"N900_RS03585",82
"N900_RS03590",65
"N900_RS03595",51
"N900_RS03605",49
"N900_RS03610",67
"N900_RS03615",47
"N900_RS03620",46
"N900_RS03625",76
"N900_RS03630",50
"N900_RS03635",51
"N900_RS03640",58
"N900_RS03645",56
"N900_RS03650",49
"N900_RS03655",54
"N900_RS03660",60
"N900_RS03665",53
"N900_RS03675",62
"N900_RS03680",72
"N900_RS03685",48
"N900_RS03690",45
"N900_RS03695",52
"N900_RS03700",63
"N900_RS03705",55
"N900_RS03710",57
"N900_RS03715",42
"N900_RS03720",71
"N900_RS03725",45
"N900_RS03730",59
"N900_RS03735",78
"N900_RS03740",56
"N900_RS03745",76
"N900_RS03750",70
"N900_RS03755",71
"N900_RS03760",65
"N900_RS03765",68
"N900_RS03770",83
"N900_RS03775",61
"N900_RS03780",87
"N900_RS03785",73
"N900_RS03790",70
"N900_RS03795",66
"N900_RS03800",80
"N900_RS03805",43
"N900_RS03810",92
"N900_RS03815",73
"N900_RS03820",71
"N900_RS03825",59
"N900_RS03830",64
"N900_RS03835",63
"N900_RS03840",61
"N900_RS03845",66
"N900_RS03850",64
"N900_RS03855",62
"N900_RS03860",41
"N900_RS03865",63
"N900_RS03870",51
"N900_RS03875",61
"N900_RS03880",70
"N900_RS03885",56
"N900_RS03890",42
"N900_RS03900",67
"N900_RS03905",80
"N900_RS03910",52
"N900_RS03915",43
"N900_RS03920",46
"N900_RS03925",54
"N900_RS03935",45
"N900_RS03940",52
"N900_RS03950",61
"N900_RS03955",48
"N900_RS03960",46
"N900_RS03965",54
"N900_RS03970",61
"N900_RS03975",67
"N900_RS03980",67
"N900_RS03985",70
"N900_RS03990",47
"N900_RS03995",79
"N900_RS04000",58
"N900_RS04005",76
"N900_RS04010",73
"N900_RS04015",42
"N900_RS04020",47
"N900_RS04025",42
"N900_RS04030",66
"N900_RS04035",47
"N900_RS04040",55
"N900_RS04045",57
"N900_RS04055",59
"N900_RS04060",51
"N900_RS04065",57
"N900_RS04070",56
"N900_RS04075",80
"N900_RS04080",28
"N900_RS04085",62
"N900_RS04090",43
"N900_RS04095",66
"N900_RS04100",46
"N900_RS04105",76
"N900_RS04110",52
"N900_RS04115",39
"N900_RS04120",42
"N900_RS04125",89
"N900_RS04130",63
"N900_RS04135",66
"N900_RS04140",55
"N900_RS04145",66
"N900_RS04150",55
"N900_RS04155",44
"N900_RS04160",54
"N900_RS04165",41
"N900_RS04170",62
"N900_RS04175",51
"N900_RS04180",61
"N900_RS04185",81
"N900_RS04190",71
"N900_RS04195",54
"N900_RS04200",51
"N900_RS04205",40
"N900_RS04225",67
"N900_RS04230",60
"N900_RS04235",56
"N900_RS04240",61
"N900_RS04245",42
"N900_RS04250",45
"N900_RS04255",62
"N900_RS04260",46
"N900_RS04265",83
"N900_RS04270",45
"N900_RS04275",64
"N900_RS04285",64
"N900_RS04290",58
"N900_RS04295",39
"N900_RS04300",49
"N900_RS04305",63
"N900_RS04310",74
"N900_RS04330",65
"N900_RS04335",71
"N900_RS04340",48
"N900_RS04350",59
"N900_RS04355",44
"N900_RS04360",46
"N900_RS04365",71
"N900_RS04370",58
"N900_RS04375",54
"N900_RS04380",51
"N900_RS04385",51
"N900_RS04390",47
"N900_RS04395",64
"N900_RS04400",38
"N900_RS04405",61
"N900_RS04410",57
"N900_RS04415",51
"N900_RS04425",42
"N900_RS04430",46
"N900_RS04435",53
"N900_RS04440",43
"N900_RS04445",55
"N900_RS04450",53
"N900_RS04455",53
"N900_RS04465",42
"N900_RS04480",48
"N900_RS04485",62
"N900_RS04490",41
"N900_RS04495",47
"N900_RS04500",62
"N900_RS04505",72
"N900_RS04510",72
"N900_RS04515",68
"N900_RS04520",51
"N900_RS04525",71
"N900_RS04530",55
"N900_RS04535",41
"N900_RS04540",41
"N900_RS04545",72
"N900_RS04550",51
"N900_RS04555",42
"N900_RS04560",55
"N900_RS04565",48
"N900_RS04570",62
"N900_RS04580",69
"N900_RS04585",52
"N900_RS04590",51
"N900_RS04595",88
"N900_RS04600",73
"N900_RS04605",53
"N900_RS04610",56
"N900_RS04615",70
"N900_RS04620",55
"N900_RS04625",63
"N900_RS04630",48
"N900_RS04635",39
"N900_RS04640",51
"N900_RS04645",62
"N900_RS04650",49
"N900_RS04655",81
"N900_RS04660",57
"N900_RS04665",60
"N900_RS04670",53
"N900_RS04675",71
"N900_RS04685",41
"N900_RS04690",60
"N900_RS04695",52
"N900_RS04700",71
"N900_RS04705",44
"N900_RS04715",55
"N900_RS04720",64
"N900_RS04725",77
"N900_RS04730",61
"N900_RS04735",48
"N900_RS04740",87
"N900_RS04745",66
"N900_RS04750",55
"N900_RS04755",52
"N900_RS04760",55
"N900_RS04765",50
"N900_RS04770",62
"N900_RS04775",52
"N900_RS04780",56
"N900_RS04785",46
"N900_RS04795",58
"N900_RS04800",50
"N900_RS04815",54
"N900_RS04820",51
"N900_RS04830",47
"N900_RS04835",51
"N900_RS04840",48
"N900_RS04845",64
"N900_RS04850",83
"N900_RS04855",57
"N900_RS04860",83
"N900_RS04870",48
"N900_RS04875",66
"N900_RS04880",46
"N900_RS04885",52
"N900_RS04890",85
"N900_RS04895",69
"N900_RS04900",59
"N900_RS04905",40
"N900_RS04910",75
"N900_RS04915",68
"N900_RS04920",76
"N900_RS04925",55
"N900_RS04930",73
"N900_RS04935",67
"N900_RS04940",44
"N900_RS04945",56
"N900_RS04950",61
"N900_RS04970",67
"N900_RS04975",55
"N900_RS04990",40
"N900_RS05000",60
"N900_RS05005",57
"N900_RS05010",66
"N900_RS05015",81
"N900_RS05020",71
"N900_RS05025",83
"N900_RS05030",58
"N900_RS05035",51
"N900_RS05040",72
"N900_RS05045",67
"N900_RS05050",57
"N900_RS05055",53
"N900_RS05060",48
"N900_RS05065",46
"N900_RS05070",71
"N900_RS05075",47
"N900_RS05080",56
"N900_RS05085",84
"N900_RS05090",56
"N900_RS05095",46
"N900_RS05100",44
"N900_RS05105",70
"N900_RS05110",43
"N900_RS05115",66
"N900_RS05135",65
"N900_RS05140",46
"N900_RS05145",62
"N900_RS05150",59
"N900_RS05155",59
"N900_RS05165",78
"N900_RS05170",40
"N900_RS05175",73
"N900_RS05180",41
"N900_RS05185",44
"N900_RS05190",62
"N900_RS05195",65
"N900_RS05200",47
"N900_RS05205",60
"N900_RS05210",39
"N900_RS05215",41
"N900_RS05220",58
"N900_RS05225",63
"N900_RS05230",63
"N900_RS05235",44
"N900_RS05240",48
"N900_RS05245",84
"N900_RS05250",46
"N900_RS05255",39
"N900_RS05260",83
"N900_RS05265",54
"N900_RS05270",53
"N900_RS05275",60
"N900_RS05280",68
"N900_RS05285",43
"N900_RS05290",44
"N900_RS05295",41
"N900_RS05300",55
"N900_RS05305",46
"N900_RS05310",59
"N900_RS05315",75
"N900_RS05320",59
"N900_RS05330",85
"N900_RS05340",67
"N900_RS05345",42
"N900_RS05350",42
"N900_RS05355",60
"N900_RS05360",53
"N900_RS05365",49
"N900_RS05370",44
"N900_RS05375",52
"N900_RS05380",56
"N900_RS05385",44
"N900_RS05390",58
"N900_RS05395",59
"N900_RS05415",68
"N900_RS05420",47
"N900_RS05425",44
"N900_RS05430",42
"N900_RS05435",52
"N900_RS05440",73
"N900_RS05445",66
"N900_RS05450",53
"N900_RS05455",63
"N900_RS05460",66
"N900_RS05465",42
"N900_RS05470",50
"N900_RS05475",50
"N900_RS05480",70
"N900_RS05485",47
"N900_RS05490",49
"N900_RS05495",50
"N900_RS05500",46
"N900_RS05505",46
"N900_RS05510",99
"N900_RS05515",43
"N900_RS05520",45
"N900_RS05525",48
"N900_RS05530",71
"N900_RS05535",53
"N900_RS05540",80
"N900_RS05545",56
"N900_RS05550",34
"N900_RS05560",51
"N900_RS05565",48
"N900_RS05570",47
"N900_RS05575",53
"N900_RS05580",86
"N900_RS05585",65
"N900_RS05590",58
"N900_RS05595",59
"N900_RS05600",52
"N900_RS05610",53
"N900_RS05615",48
"N900_RS05620",74
"N900_RS05625",67
"N900_RS05630",56
"N900_RS05635",75
"N900_RS05650",73
"N900_RS05655",47
"N900_RS05660",68
"N900_RS05665",54
"N900_RS05670",48
"N900_RS05680",88
"N900_RS05685",45
"N900_RS05690",56
"N900_RS05695",59
"N900_RS05700",54
"N900_RS05705",61
"N900_RS05710",55
"N900_RS05715",64
"N900_RS05720",60
"N900_RS05725",49
"N900_RS05730",52
"N900_RS05735",56
"N900_RS05740",46
"N900_RS05745",65
"N900_RS05750",47
"N900_RS05755",43
"N900_RS05760",52
"N900_RS05765",59
"N900_RS05770",40
"N900_RS05775",73
"N900_RS05780",65
"N900_RS05785",62
"N900_RS05790",60
"N900_RS05795",63
"N900_RS05800",82
"N900_RS05805",68
"N900_RS05810",45
"N900_RS05815",65
"N900_RS05820",73
"N900_RS05825",51
"N900_RS05830",68
"N900_RS05835",49
"N900_RS05840",45
"N900_RS05845",44
"N900_RS05850",68
"N900_RS05855",62
"N900_RS05860",47
"N900_RS05865",56
"N900_RS05870",58
"N900_RS05875",43
"N900_RS05880",51
"N900_RS05885",61
"N900_RS05890",69
"N900_RS05895",39
"N900_RS05900",53
"N900_RS05905",50
"N900_RS05910",44
"N900_RS05915",42
"N900_RS05920",63
"N900_RS05925",70
"N900_RS05930",44
"N900_RS05935",58
"N900_RS05940",57
"N900_RS05945",48
"N900_RS05950",40
"N900_RS05955",56
"N900_RS05960",56
"N900_RS05965",45
"N900_RS05970",52
"N900_RS05975",49
"N900_RS05980",43
"N900_RS05985",70
"N900_RS05990",44
"N900_RS05995",69
"N900_RS06000",60
"N900_RS06005",70
"N900_RS06010",67
"N900_RS06015",43
"N900_RS06020",51
"N900_RS06025",51
"N900_RS06030",50
"N900_RS06035",47
"N900_RS06040",46
"N900_RS06045",59
"N900_RS06050",61
"N900_RS06055",45
"N900_RS06060",53
"N900_RS06065",51
"N900_RS06070",50
"N900_RS06080",62
"N900_RS06085",51
"N900_RS06090",47
"N900_RS06095",50
"N900_RS06100",45
"N900_RS06110",47
"N900_RS06120",54
"N900_RS06125",57
"N900_RS06130",52
"N900_RS06135",41
"N900_RS06140",61
"N900_RS06145",42
"N900_RS06150",71
"N900_RS06155",65
"N900_RS06160",44
"N900_RS06165",44
"N900_RS06170",48
"N900_RS06175",58
"N900_RS06180",62
"N900_RS06185",47
"N900_RS06190",96
"N900_RS06195",47
"N900_RS06200",44
"N900_RS06210",46
"N900_RS06215",64
"N900_RS06220",54
"N900_RS06225",58
"N900_RS06230",52
"N900_RS06235",54
"N900_RS06240",49
"N900_RS06245",52
"N900_RS06250",55
"N900_RS06255",56
"N900_RS06260",61
"N900_RS06265",71
"N900_RS06270",74
"N900_RS06275",68
"N900_RS06280",62
"N900_RS06285",68
"N900_RS06290",40
"N900_RS06295",48
"N900_RS06300",68
"N900_RS06305",43
"N900_RS06310",64
"N900_RS06315",52
"N900_RS06320",62
"N900_RS06335",64
"N900_RS06340",53
"N900_RS06345",47
"N900_RS06350",66
"N900_RS06355",48
"N900_RS06360",78
"N900_RS06365",75
"N900_RS06370",46
"N900_RS06375",57
"N900_RS06385",63
"N900_RS06390",53
"N900_RS06395",85
"N900_RS06400",51
"N900_RS06405",69
"N900_RS06410",52
"N900_RS06415",48
"N900_RS06420",46
"N900_RS06425",49
"N900_RS06430",63
"N900_RS06435",64
"N900_RS06440",46
"N900_RS06445",43
"N900_RS06450",60
"N900_RS06455",63
"N900_RS06460",61
"N900_RS06465",53
"N900_RS06470",84
"N900_RS06475",78
"N900_RS06480",49
"N900_RS06485",54
"N900_RS06490",39
"N900_RS06495",44
"N900_RS06500",44
"N900_RS06505",53
"N900_RS06510",67
"N900_RS06515",65
"N900_RS06520",46
"N900_RS06525",64
"N900_RS06530",48
"N900_RS06535",54
"N900_RS06540",50
"N900_RS06545",71
"N900_RS06550",55
"N900_RS06555",45
"N900_RS06560",50
"N900_RS06565",52
"N900_RS06570",50
"N900_RS06575",48
"N900_RS06580",59
"N900_RS06585",46
"N900_RS06590",56
"N900_RS06595",45
"N900_RS06600",50
"N900_RS06605",61
"N900_RS06610",63
"N900_RS06615",67
"N900_RS06620",45
"N900_RS06625",52
"N900_RS06630",69
"N900_RS06635",62
"N900_RS06640",40
"N900_RS06645",48
"N900_RS06650",46
"N900_RS06655",67
"N900_RS06660",84
"N900_RS06665",57
"N900_RS06670",49
"N900_RS06675",61
"N900_RS06680",47
"N900_RS06685",87
"N900_RS06690",74
"N900_RS06695",48
"N900_RS06700",50
"N900_RS06705",60
"N900_RS06710",49
"N900_RS06715",77
"N900_RS06720",51
"N900_RS06725",44
"N900_RS06730",71
"N900_RS06735",62
"N900_RS06740",44
"N900_RS06745",59
"N900_RS06750",50
"N900_RS06755",56
"N900_RS06760",58
"N900_RS06765",67
"N900_RS06770",59
"N900_RS06775",43
"N900_RS06780",71
"N900_RS06785",79
"N900_RS06790",44
"N900_RS06795",47
"N900_RS06800",53
"N900_RS06805",68
"N900_RS06810",54
"N900_RS06815",81
"N900_RS06820",50
"N900_RS06825",56
"N900_RS06830",68
"N900_RS06835",62
"N900_RS06840",86
"N900_RS06845",58
"N900_RS06850",69
"N900_RS06855",48
"N900_RS06860",86
"N900_RS06865",80
"N900_RS06875",70
"N900_RS06880",72
"N900_RS06885",58
"N900_RS06890",69
"N900_RS06895",58
"N900_RS06900",53
"N900_RS06945",54
"N900_RS06955",51
"N900_RS06980",58
"N900_RS07000",87
"N900_RS07020",63
"N900_RS07025",44
"N900_RS07030",45
"N900_RS07035",61
"N900_RS07040",66
"N900_RS07045",57
"N900_RS07050",55
"N900_RS07055",51
"N900_RS07060",76
"N900_RS07065",71
"N900_RS07070",53
"N900_RS07075",53
"N900_RS07080",67
"N900_RS07085",58
"N900_RS07090",65
"N900_RS07095",45
"N900_RS07100",45
"N900_RS07110",53
"N900_RS07115",64
"N900_RS07120",46
"N900_RS07125",54
"N900_RS07130",66
"N900_RS07140",70
"N900_RS07145",71
"N900_RS07150",54
"N900_RS07155",50
"N900_RS07160",45
"N900_RS07165",51
"N900_RS07170",57
"N900_RS07175",75
"N900_RS07180",72
"N900_RS07185",86
"N900_RS07190",47
"N900_RS07195",54
"N900_RS07200",38
"N900_RS07205",50
"N900_RS07210",72
"N900_RS07215",48
"N900_RS07220",46
"N900_RS07225",46
"N900_RS07230",58
"N900_RS07235",62
"N900_RS07240",41
"N900_RS07245",59
"N900_RS07250",53
"N900_RS07255",42
"N900_RS07260",50
"N900_RS07265",44
"N900_RS07270",53
"N900_RS07275",50
"N900_RS07280",66
"N900_RS07285",49
"N900_RS07290",52
"N900_RS07295",57
"N900_RS07300",67
"N900_RS07305",44
"N900_RS07310",72
"N900_RS07315",81
"N900_RS07320",70
"N900_RS07325",67
"N900_RS07330",53
"N900_RS07335",49
"N900_RS07340",80
"N900_RS07345",56
"N900_RS07350",63
"N900_RS07360",47
"N900_RS07365",50
"N900_RS07370",70
"N900_RS07375",57
"N900_RS07380",80
"N900_RS07385",43
"N900_RS07390",66
"N900_RS07400",61
"N900_RS07405",47
"N900_RS07410",49
"N900_RS07415",53
"N900_RS07420",60
"N900_RS07425",80
"N900_RS07430",55
"N900_RS07435",61
"N900_RS07440",50
"N900_RS07445",76
"N900_RS07450",66
"N900_RS07455",60
"N900_RS07460",74
"N900_RS07465",78
"N900_RS07470",47
"N900_RS07475",55
"N900_RS07480",44
"N900_RS07485",54
"N900_RS07490",81
"N900_RS07495",59
"N900_RS07505",57
"N900_RS07510",50
"N900_RS07515",54
"N900_RS07520",49
"N900_RS07525",65
"N900_RS07530",44
"N900_RS07535",80
"N900_RS07540",45
"N900_RS07545",51
"N900_RS07550",44
"N900_RS07555",45
"N900_RS07560",44
"N900_RS07565",44
"N900_RS07570",58
"N900_RS07575",61
"N900_RS07580",51
"N900_RS07585",49
"N900_RS07590",64
"N900_RS07595",45
"N900_RS07600",53
"N900_RS07605",53
"N900_RS07610",45
"N900_RS07615",57
"N900_RS07620",58
"N900_RS07625",41
"N900_RS07630",50
"N900_RS07635",61
"N900_RS07645",58
"N900_RS07655",51
"N900_RS07660",51
"N900_RS07665",45
"N900_RS07670",67
"N900_RS07675",43
"N900_RS07680",57
"N900_RS07685",63
"N900_RS07690",63
"N900_RS07695",39
"N900_RS07700",55
"N900_RS07705",66
"N900_RS07710",41
"N900_RS07715",49
"N900_RS07720",46
"N900_RS07725",67
"N900_RS07730",56
"N900_RS07735",47
"N900_RS07740",56
"N900_RS07745",64
"N900_RS07750",57
"N900_RS07755",55
"N900_RS07760",43
"N900_RS07765",50
"N900_RS07770",46
"N900_RS07775",53
"N900_RS07780",56
"N900_RS07790",42
"N900_RS07795",71
"N900_RS07800",64
"N900_RS07805",54
"N900_RS07810",67
"N900_RS07815",49
"N900_RS07820",48
"N900_RS07825",72
"N900_RS07830",45
"N900_RS07835",47
"N900_RS07840",80
"N900_RS07845",40
"N900_RS07850",76
"N900_RS07855",48
"N900_RS07860",54
"N900_RS07865",85
"N900_RS07870",41
"N900_RS07875",59
"N900_RS07880",46
"N900_RS07885",54
"N900_RS07890",50
"N900_RS07900",49
"N900_RS07905",43
"N900_RS07910",44
"N900_RS07915",49
"N900_RS07920",50
"N900_RS07925",83
"N900_RS07930",47
"N900_RS07935",47
"N900_RS07940",45
"N900_RS07945",48
"N900_RS07950",41
"N900_RS07955",71
"N900_RS07960",52
"N900_RS07965",40
"N900_RS07970",52
"N900_RS07995",65
"N900_RS08005",46
"N900_RS08010",55
"N900_RS08015",38
"N900_RS08020",48
"N900_RS08025",57
"N900_RS08035",48
"N900_RS08040",57
"N900_RS08045",48
"N900_RS08050",52
"N900_RS08055",46
"N900_RS08060",53
"N900_RS08065",62
"N900_RS08070",64
"N900_RS08075",45
"N900_RS08080",46
"N900_RS08085",74
"N900_RS08090",65
"N900_RS08095",71
"N900_RS08100",62
"N900_RS08105",45
"N900_RS08110",43
"N900_RS08115",39
"N900_RS08120",50
"N900_RS08125",71
"N900_RS08130",35
"N900_RS08145",42
"N900_RS08150",47
"N900_RS08175",74
"N900_RS08180",57
"N900_RS08185",31
"N900_RS08190",67
"N900_RS08195",55
"N900_RS08200",50
"N900_RS08205",58
"N900_RS08210",45
"N900_RS08215",80
"N900_RS08220",56
"N900_RS08225",83
"N900_RS08230",45
"N900_RS08235",84
"N900_RS08240",53
"N900_RS08245",50
"N900_RS08250",38
"N900_RS08255",48
"N900_RS08260",44
"N900_RS08265",52
"N900_RS08270",43
"N900_RS08275",64
"N900_RS08280",53
"N900_RS08285",48
"N900_RS08290",49
"N900_RS08295",35
"N900_RS08300",88
"N900_RS08305",66
"N900_RS08310",82
"N900_RS08315",61
"N900_RS08320",61
"N900_RS08325",78
"N900_RS08330",46
"N900_RS08335",77
"N900_RS08350",42
"N900_RS08355",48
"N900_RS08360",48
"N900_RS08365",66
"N900_RS08370",51
"N900_RS08375",49
"N900_RS08380",57
"N900_RS08385",78
"N900_RS08390",59
"N900_RS08395",51
"N900_RS08400",49
"N900_RS08405",61
"N900_RS08415",50
"N900_RS08420",43
"N900_RS08425",39
"N900_RS08430",59
"N900_RS08435",55
"N900_RS08440",55
"N900_RS08450",57
"N900_RS08455",35
"N900_RS08460",56
"N900_RS08465",44
"N900_RS08470",51
"N900_RS08475",45
"N900_RS08480",45
"N900_RS08485",44
"N900_RS08495",79
"N900_RS08500",50
"N900_RS08505",49
"N900_RS08510",55
"N900_RS08515",54
"N900_RS08520",53
"N900_RS08525",69
"N900_RS08535",70
"N900_RS08540",53
"N900_RS08545",57
"N900_RS08550",51
"N900_RS08555",41
"N900_RS08560",60
"N900_RS08565",56
"N900_RS08570",72
"N900_RS08575",59
"N900_RS08580",90
"N900_RS08590",71
"N900_RS08610",76
"N900_RS08615",54
"N900_RS08620",62
"N900_RS08625",42
"N900_RS08630",62
"N900_RS08635",57
"N900_RS08640",55
"N900_RS08645",41
"N900_RS08650",65
"N900_RS08655",56
"N900_RS08660",48
"N900_RS08665",45
"N900_RS08670",52
"N900_RS08675",56
"N900_RS08680",53
"N900_RS08690",48
"N900_RS08700",53
"N900_RS08705",48
"N900_RS08710",55
"N900_RS08715",59
"N900_RS08720",42
"N900_RS08725",63
"N900_RS08730",60
"N900_RS08735",68
"N900_RS08740",50
"N900_RS08745",59
"N900_RS08750",48
"N900_RS08755",53
"N900_RS08760",70
"N900_RS08765",48
"N900_RS08770",54
"N900_RS08775",35
"N900_RS08780",52
"N900_RS08785",58
"N900_RS08790",79
"N900_RS08795",58
"N900_RS08800",54
"N900_RS08805",49
"N900_RS08810",88
"N900_RS08815",40
"N900_RS08820",46
"N900_RS08825",67
"N900_RS08830",51
"N900_RS08840",62
"N900_RS08845",56
"N900_RS08850",51
"N900_RS08855",48
"N900_RS08860",52
"N900_RS08865",48
"N900_RS08870",55
"N900_RS08875",46
"N900_RS08880",40
"N900_RS08885",78
"N900_RS08890",45
"N900_RS08895",60
"N900_RS08900",49
"N900_RS08905",48
"N900_RS08910",60
"N900_RS08915",49
"N900_RS08920",51
"N900_RS08925",58
"N900_RS08935",81
"N900_RS08940",59
"N900_RS08945",77
"N900_RS08955",44
"N900_RS08960",62
"N900_RS08970",43
"N900_RS08975",45
"N900_RS08980",68
"N900_RS08985",38
"N900_RS08990",51
"N900_RS08995",58
"N900_RS09000",52
"N900_RS09005",38
"N900_RS09010",44
"N900_RS09015",49
"N900_RS09020",44
"N900_RS09025",46
"N900_RS09030",68
"N900_RS09035",68
"N900_RS09040",63
"N900_RS09045",88
"N900_RS09055",50
"N900_RS09060",54
"N900_RS09065",44
"N900_RS09070",52
"N900_RS09075",67
"N900_RS09080",67
"N900_RS09085",52
"N900_RS09090",65
"N900_RS09095",41
"N900_RS09100",76
"N900_RS09105",45
"N900_RS09110",51
"N900_RS09115",51
"N900_RS09120",42
"N900_RS09125",75
"N900_RS09130",43
"N900_RS09170",69
"N900_RS09175",62
"N900_RS09180",51
"N900_RS09185",58
"N900_RS09195",59
"N900_RS09200",55
"N900_RS09205",52
"N900_RS09210",56
"N900_RS09215",52
"N900_RS09230",55
"N900_RS09235",64
"N900_RS09245",52
"N900_RS09250",73
"N900_RS09255",62
"N900_RS09260",55
"N900_RS09265",52
"N900_RS09270",64
"N900_RS09275",62
"N900_RS09290",51
"N900_RS09295",46
"N900_RS09300",49
"N900_RS09305",44
"N900_RS09310",46
"N900_RS09315",49
"N900_RS09320",46
"N900_RS09325",49
"N900_RS09330",75
"N900_RS09335",87
"N900_RS09340",56
"N900_RS09345",65
"N900_RS09350",72
"N900_RS09365",51
"N900_RS09370",49
"N900_RS09375",68
"N900_RS09380",40
"N900_RS09385",48
"N900_RS09390",56
"N900_RS09400",74
"N900_RS09405",39
"N900_RS09410",82
"N900_RS09415",53
"N900_RS09420",72
"N900_RS09425",64
"N900_RS09445",73
"N900_RS09450",69
"N900_RS09465",53
"N900_RS09470",56
"N900_RS09500",27
"N900_RS09505",55
"N900_RS09510",60
"N900_RS09515",47
"N900_RS09520",40
"N900_RS09525",76
"N900_RS09530",57
"N900_RS09535",59
"N900_RS09540",62
"N900_RS09545",71
"N900_RS09550",47
"N900_RS09555",59
"N900_RS09560",92
"N900_RS09565",59
"N900_RS09570",47
"N900_RS09575",74
"N900_RS09580",54
"N900_RS09585",48
"N900_RS09590",60
"N900_RS09595",39
"N900_RS09600",47
"N900_RS09605",73
"N900_RS09610",57
"N900_RS09615",49
"N900_RS09620",72
"N900_RS09625",49
"N900_RS09630",55
"N900_RS09650",84
"N900_RS09655",67
"N900_RS09660",51
"N900_RS09665",69
"N900_RS09670",59
"N900_RS09675",45
"N900_RS09680",49
"N900_RS09685",50
"N900_RS09690",55
"N900_RS09695",64
"N900_RS09700",75
"N900_RS09705",59
"N900_RS09710",49
"N900_RS09715",56
"N900_RS09720",42
"N900_RS09725",54
"N900_RS09735",40
"N900_RS09740",74
"N900_RS09745",60
"N900_RS09750",73
"N900_RS09765",61
"N900_RS09770",75
"N900_RS09775",80
"N900_RS09780",77
"N900_RS09785",56
"N900_RS09790",76
"N900_RS09795",62
"N900_RS09800",43
"N900_RS09810",77
"N900_RS09815",72
"N900_RS09830",43
"N900_RS09835",61
"N900_RS09840",57
"N900_RS09850",39
"N900_RS09860",57
"N900_RS09870",50
"N900_RS09875",59
"N900_RS09880",60
"N900_RS09885",51
"N900_RS09890",44
"N900_RS09895",48
"N900_RS09900",45
"N900_RS09905",37
"N900_RS09930",65
"N900_RS09935",63
"N900_RS09950",47
"N900_RS09955",82
"N900_RS09965",61
"N900_RS09970",80
"N900_RS09975",55
"N900_RS09980",80
"N900_RS09985",55
"N900_RS09990",43
"N900_RS09995",38
"N900_RS10000",70
"N900_RS10005",40
"N900_RS10010",49
"N900_RS10015",42
"N900_RS10020",47
"N900_RS10025",46
"N900_RS10035",43
"N900_RS10040",58
"N900_RS10045",44
"N900_RS10050",62
"N900_RS10055",58
"N900_RS10060",50
"N900_RS10065",43
"N900_RS10075",72
"N900_RS10080",69
"N900_RS10085",45
"N900_RS10090",55
"N900_RS10105",56
"N900_RS10110",52
"N900_RS10115",48
"N900_RS10125",53
"N900_RS10130",51
"N900_RS10135",58
"N900_RS10140",40
"N900_RS10145",47
"N900_RS10150",45
"N900_RS10155",47
"N900_RS10160",68
"N900_RS10165",49
"N900_RS10170",84
"N900_RS10175",52
"N900_RS10180",68
"N900_RS10185",49
"N900_RS10190",56
"N900_RS10195",53
"N900_RS10200",57
"N900_RS10205",73
"N900_RS10210",45
"N900_RS10215",48
"N900_RS10220",44
"N900_RS10225",53
"N900_RS10230",48
"N900_RS10235",41
"N900_RS10245",59
"N900_RS10250",50
"N900_RS10255",59
"N900_RS10260",66
"N900_RS10265",52
"N900_RS10270",43
"N900_RS10275",48
"N900_RS10280",77
"N900_RS10285",41
"N900_RS10290",57
"N900_RS10295",43
"N900_RS10300",56
"N900_RS10305",38
"N900_RS10315",83
"N900_RS10320",68
"N900_RS10325",63
"N900_RS10330",49
"N900_RS10335",44
"N900_RS10340",40
"N900_RS10345",62
"N900_RS10350",44
"N900_RS10355",46
"N900_RS10370",75
"N900_RS10385",74
"N900_RS10390",65
"N900_RS10395",59
"N900_RS10400",45
"N900_RS10405",85
"N900_RS10440",47
"N900_RS10445",56
"N900_RS10455",51
"N900_RS10460",69
"N900_RS10465",48
"N900_RS10470",48
"N900_RS10475",61
"N900_RS10480",38
"N900_RS10485",80
"N900_RS10490",54
"N900_RS10495",57
"N900_RS10500",86
"N900_RS10505",65
"N900_RS10510",63
"N900_RS10515",53
"N900_RS10520",36
"N900_RS10525",29
"N900_RS10530",51
"N900_RS10535",64
"N900_RS10540",50
"N900_RS10545",75
"N900_RS10550",61
"N900_RS10555",61
"N900_RS10560",61
"N900_RS10565",47
"N900_RS10570",43
"N900_RS10575",68
"N900_RS10580",52
"N900_RS10585",46
"N900_RS10615",67
"N900_RS10620",58
"N900_RS10625",54
"N900_RS10635",92
"N900_RS10640",61
"N900_RS10645",40
"N900_RS10650",37
"N900_RS10655",62
"N900_RS10660",66
"N900_RS10665",44
"N900_RS10670",64
"N900_RS10675",49
"N900_RS10680",43
"N900_RS10685",50
"N900_RS10690",41
"N900_RS10695",95
"N900_RS10700",48
"N900_RS10705",51
"N900_RS10710",54
"N900_RS10715",54
"N900_RS10720",50
"N900_RS10725",37
"N900_RS10735",55
"N900_RS10765",68
"N900_RS10770",45
"N900_RS10775",53
"N900_RS10790",56
"N900_RS10795",45
"N900_RS10800",75
"N900_RS10810",45
"N900_RS10815",75
"N900_RS10820",64
"N900_RS10825",51
"N900_RS10840",65
"N900_RS10845",60
"N900_RS10850",62
"N900_RS10855",60
"N900_RS10880",47
"N900_RS10885",69
"N900_RS10890",64
"N900_RS10895",75
"N900_RS10900",85
"N900_RS10905",51
"N900_RS10910",60
"N900_RS10915",48
"N900_RS10920",80
"N900_RS10925",79
"N900_RS10930",76
"N900_RS10935",34
"N900_RS10940",40
"N900_RS10950",64
"N900_RS10955",63
"N900_RS10960",61
"N900_RS10965",46
"N900_RS10970",41
"N900_RS10975",73
"N900_RS10980",45
"N900_RS10985",58
"N900_RS10990",49
"N900_RS10995",51
"N900_RS11000",64
"N900_RS11005",67
"N900_RS11010",80
"N900_RS11015",52
"N900_RS11020",43
"N900_RS11025",60
"N900_RS11030",48
"N900_RS11035",70
"N900_RS11040",64
"N900_RS11045",49
"N900_RS11050",81
"N900_RS11055",47
"N900_RS11060",51
"N900_RS11065",57
"N900_RS11070",95
"N900_RS11075",57
"N900_RS11080",67
"N900_RS11090",39
"N900_RS11095",48
"N900_RS11100",73
"N900_RS11105",54
"N900_RS11110",88
"N900_RS11115",79
"N900_RS11120",52
"N900_RS11125",77
"N900_RS11130",63
"N900_RS11135",51
"N900_RS11140",48
"N900_RS11145",55
"N900_RS11150",74
"N900_RS11155",76
"N900_RS11160",54
"N900_RS11165",75
"N900_RS11170",58
"N900_RS11175",64
"N900_RS11180",60
"N900_RS11185",65
"N900_RS11190",76
"N900_RS11195",60
"N900_RS11200",68
"N900_RS11205",58
"N900_RS11210",71
"N900_RS11215",71
"N900_RS11220",69
"N900_RS11240",70
"N900_RS11245",72
"N900_RS11250",75
"N900_RS11255",63
"N900_RS11260",57
"N900_RS11265",54
"N900_RS11270",66
"N900_RS11275",71
"N900_RS11280",52
"N900_RS11290",72
"N900_RS11295",76
"N900_RS11300",84
"N900_RS11305",89
"N900_RS11310",79
"N900_RS11315",74
"N900_RS11320",75
"N900_RS11325",36
"N900_RS11335",38
"N900_RS11345",48
"N900_RS11350",36
"N900_RS11355",55
"N900_RS11360",63
"N900_RS11365",60
"N900_RS11370",44
"N900_RS11375",70
"N900_RS11380",46
"N900_RS11385",63
"N900_RS11395",80
"N900_RS11430",86
"N900_RS11435",54
"N900_RS11445",61
"N900_RS11455",46
"N900_RS11460",46
"N900_RS11465",53
"N900_RS11470",65
"N900_RS11475",52
"N900_RS11485",71
"N900_RS11490",47
"N900_RS11495",47
"N900_RS11520",67
"N900_RS11525",65
"N900_RS11530",56
"N900_RS11540",51
"N900_RS11545",41
"N900_RS11550",52
"N900_RS11555",43
"N900_RS11560",36
"N900_RS11565",45
"N900_RS11570",74
"N900_RS11575",43
"N900_RS11580",45
"N900_RS11585",72
"N900_RS11590",53
"N900_RS11595",59
"N900_RS11600",40
"N900_RS11605",64
"N900_RS11610",65
"N900_RS11615",96
"N900_RS11625",64
"N900_RS11630",69
"N900_RS11635",70
"N900_RS11640",51
"N900_RS11645",52
"N900_RS11650",52
"N900_RS11655",53
"N900_RS11660",55
"N900_RS11670",78
"N900_RS11680",49
"N900_RS11685",59
"N900_RS11690",52
"N900_RS11695",54
"N900_RS11700",54
"N900_RS11705",63
"N900_RS11710",81
"N900_RS11720",45
"N900_RS11730",62
"N900_RS11735",42
"N900_RS11740",56
"N900_RS11745",54
"N900_RS11750",66
"N900_RS11755",49
"N900_RS11775",62
"N900_RS11780",70
"N900_RS11785",58
"N900_RS11820",66
"N900_RS11825",51
"N900_RS11830",50
"N900_RS11835",51
"N900_RS11840",69
"N900_RS11845",70
"N900_RS11850",54
"N900_RS11855",64
"N900_RS11860",57
"N900_RS11865",64
"N900_RS11870",77
"N900_RS11915",70
"N900_RS11920",68
"N900_RS11930",71
"N900_RS11940",46
"N900_RS11945",104
"N900_RS11950",49
"N900_RS11955",41
"N900_RS11960",47
"N900_RS11965",51
"N900_RS11970",61
"N900_RS11975",53
"N900_RS11980",39
"N900_RS11985",58
"N900_RS11990",57
"N900_RS11995",47
"N900_RS12015",49
"N900_RS12020",67
"N900_RS12030",42
"N900_RS12035",72
"N900_RS12070",65
"N900_RS12080",48
"N900_RS12085",77
"N900_RS12100",64
"N900_RS12105",66
"N900_RS12110",55
"N900_RS12115",82
"N900_RS12120",46
"N900_RS12125",47
"N900_RS12130",44
"N900_RS12135",49
"N900_RS12140",52
"N900_RS12145",60
"N900_RS12150",55
"N900_RS12155",52
"N900_RS12160",49
"N900_RS12165",57
"N900_RS12185",72
"N900_RS12190",42
"N900_RS12195",52
"N900_RS12200",44
"N900_RS12215",78
"N900_RS12220",40
"N900_RS12225",43
"N900_RS12230",52
"N900_RS12235",58
"N900_RS12245",46
"N900_RS12250",43
"N900_RS12255",43
"N900_RS12260",76
"N900_RS12265",34
"N900_RS12270",69
"N900_RS12275",48
"N900_RS12280",60
"N900_RS12285",52
"N900_RS12290",57
"N900_RS12295",77
"N900_RS12300",65
"N900_RS12305",63
"N900_RS12310",61
"N900_RS12315",68
"N900_RS12320",67
"N900_RS12345",49
"N900_RS12365",68
"N900_RS12385",42
"N900_RS12390",69
"N900_RS12395",72
"N900_RS12400",48
"N900_RS12405",48
"N900_RS12410",46
"N900_RS12435",50
"N900_RS12445",53
"N900_RS12450",53
"N900_RS12455",59
"N900_RS12460",57
"N900_RS12465",70
"N900_RS12470",80
"N900_RS12475",42
"N900_RS12480",80
"N900_RS12485",63
"N900_RS12490",54
"N900_RS12495",56
"N900_RS12500",58
"N900_RS12505",55
"N900_RS12510",45
"N900_RS12530",50
"N900_RS12535",83
"N900_RS12540",40
"N900_RS12545",67
"N900_RS12550",77
"N900_RS12555",43
"N900_RS12560",50
"N900_RS12565",77
"N900_RS12570",48
"N900_RS12575",47
"N900_RS12580",54
"N900_RS12585",54
"N900_RS12590",62
"N900_RS12595",51
"N900_RS12600",69
"N900_RS12605",48
"N900_RS12610",43
"N900_RS12620",65
"N900_RS12625",36
"N900_RS12630",53
"N900_RS12635",60
"N900_RS12640",62
"N900_RS12645",42
"N900_RS12650",47
"N900_RS12655",62
"N900_RS12690",69
"N900_RS12695",51
"N900_RS12700",83
"N900_RS12705",61
"N900_RS12710",53
"N900_RS12715",80
"N900_RS12720",39
"N900_RS12725",47
"N900_RS12730",69
"N900_RS12735",89
"N900_RS12740",55
"N900_RS12745",58
"N900_RS12750",67
"N900_RS12765",49
"N900_RS12790",54
"N900_RS12795",95
"N900_RS12835",69
"N900_RS12840",59
"N900_RS12845",62
"N900_RS12850",49
"N900_RS12855",56
"N900_RS12860",65
"N900_RS12865",65
"N900_RS12870",62
"N900_RS12875",39
"N900_RS12880",51
"N900_RS12885",56
"N900_RS12890",29
"N900_RS12900",48
"N900_RS12950",69
"N900_RS12960",53
"N900_RS12965",39
"N900_RS12975",46
"N900_RS12980",38
"N900_RS12985",60
"N900_RS12995",43
"N900_RS13000",40
"N900_RS13085",45
"N900_RS13130",83
"N900_RS13135",48
"N900_RS13145",63
"N900_RS13155",35
"N900_RS13160",94
"N900_RS13165",52
"N900_RS13170",41
"N900_RS13175",53
"N900_RS13180",60
"N900_RS13185",50
"N900_RS13190",88
"N900_RS13195",48
"N900_RS13200",47
"N900_RS13215",58
"N900_RS13220",79
"N900_RS13225",71
"N900_RS13230",46
"N900_RS13235",53
"N900_RS13240",65
"N900_RS13245",55
"N900_RS13250",44
"N900_RS13255",41
"N900_RS13260",84
"N900_RS13265",57
"N900_RS13270",73
"N900_RS13275",48
"N900_RS13280",49
"N900_RS13285",64
"N900_RS13295",67
"N900_RS13300",47
"N900_RS13305",42
"N900_RS13310",49
"N900_RS13315",74
"N900_RS13325",60
"N900_RS13330",70
"N900_RS13335",71
"N900_RS13340",73
"N900_RS13345",63
"N900_RS13350",66
"N900_RS13355",53
"N900_RS13360",51
"N900_RS13365",58
"N900_RS13370",53
"N900_RS13375",47
"N900_RS13380",48
"N900_RS13385",69
"N900_RS13400",39
"N900_RS13405",71
"N900_RS13410",39
"N900_RS13415",57
"N900_RS13420",57
"N900_RS13425",80
"N900_RS13430",83
"N900_RS13435",48
"N900_RS13440",36
"N900_RS13445",36
"N900_RS13450",45
"N900_RS13455",39
"N900_RS13460",79
"N900_RS13465",70
"N900_RS13470",57
"N900_RS13475",70
"N900_RS13480",70
"N900_RS13485",43
"N900_RS13490",48
"N900_RS13500",54
"N900_RS13505",36
"N900_RS13510",47
"N900_RS13515",68
"N900_RS13520",65
"N900_RS13530",79
"N900_RS13535",47
"N900_RS13540",80
"N900_RS13550",51
"N900_RS13555",56
"N900_RS13570",85
"N900_RS13575",58
"N900_RS13585",67
"N900_RS13595",59
"N900_RS13600",53
"N900_RS13605",58
"N900_RS13610",71
"N900_RS13615",57
"N900_RS13620",50
"N900_RS13625",80
"N900_RS13635",57
"N900_RS13640",53
"N900_RS13645",95
"N900_RS13650",55
"N900_RS13655",43
"N900_RS13660",58
"N900_RS13665",76
"N900_RS13670",48
"N900_RS13675",50
"N900_RS13680",56
"N900_RS13685",59
"N900_RS13690",41
"N900_RS13695",41
"N900_RS13700",64
"N900_RS13705",67
"N900_RS13710",72
"N900_RS13715",64
"N900_RS13720",69
"N900_RS13725",77
"N900_RS13730",54
"N900_RS13735",56
"N900_RS13740",63
"N900_RS13745",62
"N900_RS13750",72
"N900_RS13755",68
"N900_RS13765",78
"N900_RS13770",56
"N900_RS13780",70
"N900_RS13785",77
"N900_RS13790",57
"N900_RS13795",45
"N900_RS13800",56
"N900_RS13805",39
"N900_RS13810",70
"N900_RS13815",56
"N900_RS13845",49
"N900_RS13855",76
"N900_RS13860",38
"N900_RS13865",41
"N900_RS13870",42
"N900_RS13875",67
"N900_RS13880",63
"N900_RS13930",69
"N900_RS13935",41
"N900_RS13940",48
"N900_RS13945",46
"N900_RS13950",43
"N900_RS13955",55
"N900_RS13970",82
"N900_RS13985",79
"N900_RS14005",78
"N900_RS14010",63
"N900_RS14015",58
"N900_RS14020",38
"N900_RS14025",41
"N900_RS14040",68
"N900_RS14045",55
"N900_RS14050",57
"N900_RS14055",73
"N900_RS14060",51
"N900_RS14065",65
"N900_RS14070",53
"N900_RS14075",56
"N900_RS14080",50
"N900_RS14085",60
"N900_RS14090",59
"N900_RS14095",50
"N900_RS14100",79
"N900_RS14105",73
"N900_RS14110",70
"N900_RS14115",43
"N900_RS14120",42
"N900_RS14125",47
"N900_RS14130",40
"N900_RS14135",62
"N900_RS14140",59
"N900_RS14145",58
"N900_RS14150",72
"N900_RS14155",68
"N900_RS14160",61
"N900_RS14165",40
"N900_RS14170",59
"N900_RS14175",42
"N900_RS14180",44
"N900_RS14185",39
"N900_RS14190",55
"N900_RS14195",50
"N900_RS14200",57
"N900_RS14205",65
"N900_RS14210",79
"N900_RS14215",49
"N900_RS14220",75
"N900_RS14225",64
"N900_RS14230",66
"N900_RS14235",68
"N900_RS14240",47
"N900_RS14245",41
"N900_RS14250",78
"N900_RS14255",59
"N900_RS14260",79
"N900_RS14265",54
"N900_RS14270",60
"N900_RS14275",41
"N900_RS14280",54
"N900_RS14285",54
"N900_RS14290",64
"N900_RS14295",75
"N900_RS14310",44
"N900_RS14315",43
"N900_RS14320",54
"N900_RS14325",52
"N900_RS14330",39
"N900_RS14335",60
"N900_RS14340",57
"N900_RS14345",47
"N900_RS14350",61
"N900_RS14355",71
"N900_RS14360",53
"N900_RS14365",45
"N900_RS14370",63
"N900_RS14375",45
"N900_RS14380",76
"N900_RS14385",57
"N900_RS14390",65
"N900_RS14395",43
"N900_RS14400",44
"N900_RS14405",62
"N900_RS14410",53
"N900_RS14415",44
"N900_RS14425",48
"N900_RS14430",42
"N900_RS14435",57
"N900_RS14440",50
"N900_RS14455",50
"N900_RS14460",41
"N900_RS14465",59
"N900_RS14470",60
"N900_RS14475",54
"N900_RS14480",49
"N900_RS14485",46
"N900_RS14490",75
"N900_RS14495",52
"N900_RS14500",50
"N900_RS14505",48
"N900_RS14510",56
"N900_RS14515",66
"N900_RS14520",55
"N900_RS14525",94
"N900_RS14530",78
"N900_RS14535",43
"N900_RS14540",48
"N900_RS14545",50
"N900_RS14550",81
"N900_RS14555",58
"N900_RS14560",46
"N900_RS14565",59
"N900_RS14570",48
"N900_RS14575",42
"N900_RS14580",42
"N900_RS14585",47
"N900_RS14590",60
"N900_RS14595",56
"N900_RS14600",49
"N900_RS14605",56
"N900_RS14615",61
"N900_RS14620",57
"N900_RS14625",56
"N900_RS14630",68
"N900_RS14635",44
"N900_RS14640",67
"N900_RS14645",46
"N900_RS14650",63
"N900_RS14655",50
"N900_RS14660",58
"N900_RS14665",56
"N900_RS14670",49
"N900_RS14675",71
"N900_RS14680",59
"N900_RS14685",42
"N900_RS14690",50
"N900_RS14700",49
"N900_RS14705",65
"N900_RS14710",57
"N900_RS14715",52
"N900_RS14720",50
"N900_RS14725",42
"N900_RS14730",45
"N900_RS14735",61
"N900_RS14740",68
"N900_RS14745",52
"N900_RS14750",57
"N900_RS14755",56
"N900_RS14760",68
"N900_RS14765",51
"N900_RS14770",43
"N900_RS14775",64
"N900_RS14785",79
"N900_RS14795",49
"N900_RS14800",68
"N900_RS14805",51
"N900_RS14810",55
"N900_RS14815",57
"N900_RS14820",42
"N900_RS14825",74
"N900_RS14830",47
"N900_RS14835",42
"N900_RS14840",43
"N900_RS14845",60
"N900_RS14850",45
"N900_RS14855",47
"N900_RS14860",56
"N900_RS14865",49
"N900_RS14870",46
"N900_RS14875",44
"N900_RS14885",74
"N900_RS14890",61
"N900_RS14895",48
"N900_RS14900",58
"N900_RS14905",69
"N900_RS14910",54
"N900_RS14915",60
"N900_RS14920",43
"N900_RS14925",53
"N900_RS14930",48
"N900_RS14935",62
"N900_RS14940",64
"N900_RS14945",44
"N900_RS14950",73
"N900_RS14955",58
"N900_RS14960",64
"N900_RS14970",51
"N900_RS14975",34
"N900_RS14990",74
"N900_RS14995",53
"N900_RS15000",45
"N900_RS15005",43
"N900_RS15010",61
"N900_RS15015",49
"N900_RS15025",65
"N900_RS15030",79
"N900_RS15035",50
"N900_RS15040",69
"N900_RS15045",55
"N900_RS15050",63
"N900_RS15055",57
"N900_RS15060",50
"N900_RS15065",50
"N900_RS15070",52
"N900_RS15075",59
"N900_RS15080",58
"N900_RS15085",47
"N900_RS15090",64
"N900_RS15095",57
"N900_RS15100",50
"N900_RS15105",74
"N900_RS15110",52
"N900_RS15115",66
"N900_RS15120",48
"N900_RS15125",47
"N900_RS15130",68
"N900_RS15135",60
"N900_RS15140",75
"N900_RS15145",58
"N900_RS15150",58
"N900_RS15155",64
"N900_RS15160",52
"N900_RS15165",45
"N900_RS15170",49
"N900_RS15175",64
"N900_RS15180",70
"N900_RS15185",41
"N900_RS15190",54
"N900_RS15195",72
"N900_RS15200",46
"N900_RS15205",62
"N900_RS15210",41
"N900_RS15215",46
"N900_RS15220",51
"N900_RS15225",55
"N900_RS15230",54
"N900_RS15235",57
"N900_RS15240",53
"N900_RS15245",65
"N900_RS15250",71
"N900_RS15255",51
"N900_RS15260",46
"N900_RS15265",52
"N900_RS15270",61
"N900_RS15275",45
"N900_RS15280",40
"N900_RS15285",47
"N900_RS15295",67
"N900_RS15300",72
"N900_RS15305",47
"N900_RS15315",42
"N900_RS15320",56
"N900_RS15330",60
"N900_RS15335",41
"N900_RS15340",44
"N900_RS15370",68
"N900_RS15375",62
"N900_RS15390",53
"N900_RS15395",57
"N900_RS15400",59
"N900_RS15415",74
"N900_RS15430",68
"N900_RS15435",63
"N900_RS15440",75
"N900_RS15445",88
"N900_RS15460",53
"N900_RS15480",64
"N900_RS15500",64
"N900_RS15510",51
"N900_RS15545",57
"N900_RS15550",50
"N900_RS15555",68
"N900_RS15565",61
"N900_RS15575",54
"N900_RS15580",48
"N900_RS15585",89
"N900_RS15590",47
"N900_RS15600",72
"N900_RS15615",59
"N900_RS15620",39
"N900_RS15645",59
"N900_RS15655",85
"N900_RS15660",53
"N900_RS15665",64
"N900_RS15670",84
"N900_RS15675",47
"N900_RS15680",38
"N900_RS15685",59
"N900_RS15695",58
"N900_RS15705",55
"N900_RS15715",69
"N900_RS15720",85
"N900_RS15725",75
"N900_RS15730",41
"N900_RS15750",52
"N900_RS15755",37
"N900_RS15770",76
"N900_RS15780",77
"N900_RS15785",63
"N900_RS15790",54
"N900_RS15805",58
"N900_RS15810",75
"N900_RS15820",70
"N900_RS15825",46
"N900_RS15845",60
"N900_RS15850",51
"N900_RS15855",70
"N900_RS15865",54
"N900_RS15880",59
"N900_RS15885",53
"N900_RS15900",47
"N900_RS15905",72
"N900_RS15910",77
"N900_RS15915",50
"N900_RS15920",53
"N900_RS15925",44
"N900_RS15930",68
"N900_RS15935",80
"N900_RS15940",46
"N900_RS15950",61
"N900_RS15970",48
"N900_RS15990",52
"N900_RS16000",48
"N900_RS16005",43
"N900_RS16010",55
"N900_RS16015",61
"N900_RS16025",68
"N900_RS16030",49
"N900_RS16035",60
"N900_RS16060",58
"N900_RS16065",46
"N900_RS16075",83
"N900_RS16085",81
"N900_RS16090",63
"N900_RS16095",43
"N900_RS16100",55
"N900_RS16110",42
"N900_RS16115",51
"N900_RS16120",43
"N900_RS16125",74
"N900_RS16150",65
"N900_RS16170",57
"N900_RS16175",72
"N900_RS16185",39
"N900_RS16190",67
"N900_RS16195",55
"N900_RS16200",63
"N900_RS16205",51
"N900_RS16210",49
"N900_RS16215",54
"N900_RS16220",66
"N900_RS16225",44
"N900_RS16230",48
"N900_RS16235",65
"N900_RS16240",68
"N900_RS16245",55
"N900_RS16255",54
"N900_RS16260",53
"N900_RS16265",49
"N900_RS16270",44
"N900_RS16275",79
"N900_RS16280",44
"N900_RS16285",51
"N900_RS16290",63
"N900_RS16295",64
"N900_RS16300",44
"N900_RS16305",69
"N900_RS16310",48
"N900_RS16315",57
"N900_RS16320",64
"N900_RS16325",48
"N900_RS16330",78
"N900_RS16335",61
"N900_RS16345",49
"N900_RS16350",73
"N900_RS16355",49
"N900_RS16360",75
"N900_RS16370",53
"N900_RS16375",46
"N900_RS16380",59
"N900_RS16390",50
"N900_RS16395",82
"N900_RS16400",64
"N900_RS16405",58
"N900_RS16410",71
"N900_RS16415",53
"N900_RS16420",40
"N900_RS16425",80
"N900_RS16430",62
"N900_RS16435",66
"N900_RS16440",59
"N900_RS16445",70
"N900_RS16450",59
"N900_RS16455",54
"N900_RS16465",72
"N900_RS16470",43
"N900_RS16475",49
"N900_RS16480",37
"N900_RS16485",58
"N900_RS16490",53
"N900_RS16495",58
"N900_RS16500",53
"N900_RS16505",49
"N900_RS16510",45
"N900_RS16515",45
"N900_RS16520",57
"N900_RS16525",45
"N900_RS16530",53
"N900_RS16535",51
"N900_RS16540",51
"N900_RS16545",51
"N900_RS16550",65
"N900_RS16555",46
"N900_RS16560",56
"N900_RS16565",42
"N900_RS16570",40
"N900_RS16575",50
"N900_RS16580",45
"N900_RS16585",50
"N900_RS16590",67
"N900_RS16595",54
"N900_RS16600",56
"N900_RS16605",73
"N900_RS16610",59
"N900_RS16615",71
"N900_RS16620",69
"N900_RS16625",62
"N900_RS16630",66
"N900_RS16635",63
"N900_RS16640",41
"N900_RS16645",53
"N900_RS16650",49
"N900_RS16660",84
"N900_RS16665",57
"N900_RS16670",85
"N900_RS16675",70
"N900_RS16680",70
"N900_RS16690",62
"N900_RS16700",59
"N900_RS16705",69
"N900_RS16710",67
"N900_RS16715",55
"N900_RS16720",48
"N900_RS16725",49
"N900_RS16730",41
"N900_RS16735",51
"N900_RS16740",68
"N900_RS16745",69
"N900_RS16750",58
"N900_RS16755",68
"N900_RS16760",45
"N900_RS16765",52
"N900_RS16770",58
"N900_RS16775",49
"N900_RS16780",51
"N900_RS16785",41
"N900_RS16790",52
"N900_RS16795",46
"N900_RS16800",39
"N900_RS16805",70
"N900_RS16810",40
"N900_RS16815",60
"N900_RS16820",62
"N900_RS16825",69
"N900_RS16830",47
"N900_RS16835",50
"N900_RS16840",66
"N900_RS16845",56
"N900_RS16850",62
"N900_RS16855",60
"N900_RS16860",52
"N900_RS16865",69
"N900_RS16870",36
"N900_RS16875",49
"N900_RS16880",54
"N900_RS16885",78
"N900_RS16890",40
"N900_RS16895",69
"N900_RS16900",51
"N900_RS16905",49
"N900_RS16915",72
"N900_RS16925",58
"N900_RS16930",57
"N900_RS16935",69
"N900_RS16940",57
"N900_RS16945",42
"N900_RS16950",77
"N900_RS16960",62
"N900_RS16965",54
"N900_RS16970",50
"N900_RS16975",55
"N900_RS16980",47
"N900_RS16985",73
"N900_RS16990",42
"N900_RS16995",53
"N900_RS17000",46
"N900_RS17005",85
"N900_RS17010",47
"N900_RS17015",73
"N900_RS17020",46
"N900_RS17025",41
"N900_RS17030",73
"N900_RS17035",51
"N900_RS17040",49
"N900_RS17045",45
"N900_RS17050",40
"N900_RS17055",39
"N900_RS17060",47
"N900_RS17065",56
"N900_RS17070",55
"N900_RS17075",49
"N900_RS17080",55
"N900_RS17085",51
"N900_RS17090",48
"N900_RS17095",58
"N900_RS17100",52
"N900_RS17105",50
"N900_RS17110",54
"N900_RS17115",60
"N900_RS17120",39
"N900_RS17125",46
"N900_RS17130",106
"N900_RS17135",50
"N900_RS17140",73
"N900_RS17145",58
"N900_RS17150",65
"N900_RS17155",56
"N900_RS17160",56
"N900_RS17165",48
"N900_RS17170",59
"N900_RS17175",49
"N900_RS17180",50
"N900_RS17185",69
"N900_RS17190",65
"N900_RS17195",73
"N900_RS17200",49
"N900_RS17205",84
"N900_RS17210",53
"N900_RS17215",71
"N900_RS17220",58
"N900_RS17225",56
"N900_RS17230",49
"N900_RS17235",51
"N900_RS17240",65
"N900_RS17245",69
"N900_RS17250",39
"N900_RS17255",63
"N900_RS17260",49
"N900_RS17265",51
"N900_RS17275",76
"N900_RS17280",53
"N900_RS17285",79
"N900_RS17290",45
"N900_RS17295",48
"N900_RS17300",50
"N900_RS17305",81
"N900_RS17320",62
"N900_RS17325",48
"N900_RS17330",69
"N900_RS17335",42
"N900_RS17340",67
"N900_RS17345",56
"N900_RS17355",50
"N900_RS17360",55
"N900_RS17365",78
"N900_RS17370",66
"N900_RS17375",51
"N900_RS17380",43
"N900_RS17385",60
"N900_RS17390",69
"N900_RS17400",68
"N900_RS17405",63
"N900_RS17410",59
"N900_RS17415",81
"N900_RS17420",127
"N900_RS17425",65
"N900_RS17430",51
"N900_RS17435",49
"N900_RS17440",43
"N900_RS17445",40
"N900_RS17450",46
"N900_RS17455",66
"N900_RS17460",44
"N900_RS17465",72
"N900_RS17480",70
"N900_RS17485",71
"N900_RS17490",34
"N900_RS17505",57
"N900_RS17510",72
"N900_RS17515",58
"N900_RS17520",61
"N900_RS17525",52
"N900_RS17530",67
"N900_RS17535",54
"N900_RS17540",74
"N900_RS17545",42
"N900_RS17550",61
"N900_RS17555",61
"N900_RS17560",82
"N900_RS17565",95
"N900_RS17570",55
"N900_RS17575",53
"N900_RS17580",42
"N900_RS17585",40
"N900_RS17590",60
"N900_RS17595",65
"N900_RS17600",59
"N900_RS17605",55
"N900_RS17610",44
"N900_RS17615",63
"N900_RS17620",46
"N900_RS17625",40
"N900_RS17630",42
"N900_RS17635",51
"N900_RS17640",50
"N900_RS17645",48
"N900_RS17650",50
"N900_RS17655",48
"N900_RS17660",42
"N900_RS17665",56
"N900_RS17670",82
"N900_RS17675",80
"N900_RS17680",70
"N900_RS17685",35
"N900_RS17690",56
"N900_RS17695",64
"N900_RS17700",64
"N900_RS17705",59
"N900_RS17710",57
"N900_RS17715",59
"N900_RS17725",56
"N900_RS17730",74
"N900_RS17735",79
"N900_RS17740",56
"N900_RS17745",61
"N900_RS17750",68
"N900_RS17755",67
"N900_RS17760",55
"N900_RS17765",53
"N900_RS17770",48
"N900_RS17775",55
"N900_RS17780",42
"N900_RS17785",47
"N900_RS17790",54
"N900_RS17795",63
"N900_RS17800",59
"N900_RS17815",82
"N900_RS17820",64
"N900_RS17825",73
"N900_RS17830",42
"N900_RS17840",47
"N900_RS17845",62
"N900_RS17850",53
"N900_RS17855",79
"N900_RS17860",62
"N900_RS17865",62
"N900_RS17870",58
"N900_RS17875",54
"N900_RS17880",50
"N900_RS17885",48
"N900_RS17890",53
"N900_RS17900",63
"N900_RS17905",60
"N900_RS17910",50
"N900_RS17915",45
"N900_RS17920",48
"N900_RS17925",50
"N900_RS17930",56
"N900_RS17945",55
"N900_RS17950",46
"N900_RS17955",54
"N900_RS17960",53
"N900_RS17965",51
"N900_RS17970",51
"N900_RS17975",70
"N900_RS17980",67
"N900_RS17985",73
"N900_RS17990",40
"N900_RS17995",60
"N900_RS18000",72
"N900_RS18005",45
"N900_RS18010",53
"N900_RS18015",56
"N900_RS18020",44
"N900_RS18025",42
"N900_RS18030",53
"N900_RS18035",54
"N900_RS18040",78
"N900_RS18045",64
"N900_RS18050",60
"N900_RS18055",79
"N900_RS18060",53
"N900_RS18065",53
"N900_RS18070",76
"N900_RS18075",73
"N900_RS18080",47
"N900_RS18085",59
"N900_RS18090",49
"N900_RS18095",55
"N900_RS18105",100
"N900_RS18110",50
"N900_RS18115",49
"N900_RS18120",55
"N900_RS18125",71
"N900_RS18130",52
"N900_RS18135",45
"N900_RS18140",57
"N900_RS18145",42
"N900_RS18150",41
"N900_RS18155",62
"N900_RS18160",68
"N900_RS18165",56
"N900_RS18170",37
"N900_RS18175",62
"N900_RS18180",61
"N900_RS18190",47
"N900_RS18195",43
"N900_RS18200",52
"N900_RS18205",58
"N900_RS18210",43
"N900_RS18215",53
"N900_RS18220",77
"N900_RS18225",55
"N900_RS18230",49
"N900_RS18235",78
"N900_RS18240",52
"N900_RS18245",39
"N900_RS18250",44
"N900_RS18255",44
"N900_RS18260",65
"N900_RS18265",77
"N900_RS18270",47
"N900_RS18280",42
"N900_RS18285",64
"N900_RS18290",50
"N900_RS18295",53
"N900_RS18300",53
"N900_RS18305",69
"N900_RS18310",55
"N900_RS18315",77
"N900_RS18320",41
"N900_RS18325",61
"N900_RS18330",65
"N900_RS18340",64
"N900_RS18345",76
"N900_RS18350",75
"N900_RS18355",84
"N900_RS18360",42
"N900_RS18365",49
"N900_RS18370",84
"N900_RS18375",55
"N900_RS18380",53
"N900_RS18385",58
"N900_RS18390",47
"N900_RS18395",78
"N900_RS18400",47
"N900_RS18405",48
"N900_RS18410",71
"N900_RS18415",42
"N900_RS18420",38
"N900_RS18425",46
"N900_RS18430",71
"N900_RS18435",42
"N900_RS18440",46
"N900_RS18445",52
"N900_RS18450",47
"N900_RS18455",55
"N900_RS18460",52
"N900_RS18465",50
"N900_RS18470",83
"N900_RS18475",50
"N900_RS18480",51
"N900_RS18485",50
"N900_RS18490",54
"N900_RS18495",77
"N900_RS18500",50
"N900_RS18505",42
"N900_RS18510",58
"N900_RS18515",44
"N900_RS18520",42
"N900_RS18525",63
"N900_RS18530",59
"N900_RS18535",58
"N900_RS18540",55
"N900_RS18545",57
"N900_RS18550",55
"N900_RS18555",70
"N900_RS18560",70
"N900_RS18565",61
"N900_RS18570",47
"N900_RS18575",48
"N900_RS18580",46
"N900_RS18585",51
"N900_RS18590",57
"N900_RS18595",48
"N900_RS18600",80
"N900_RS18605",83
"N900_RS18610",40
"N900_RS18615",56
"N900_RS18620",85
"N900_RS18625",55
"N900_RS18630",58
"N900_RS18635",49
"N900_RS18640",63
"N900_RS18645",46
"N900_RS18650",52
"N900_RS18655",59
"N900_RS18660",51
"N900_RS18670",49
"N900_RS18675",38
"N900_RS18680",46
"N900_RS18685",45
"N900_RS18690",48
"N900_RS18695",59
"N900_RS18700",65
"N900_RS18705",67
"N900_RS18710",45
"N900_RS18715",47
"N900_RS18720",52
"N900_RS18725",52
"N900_RS18730",58
"N900_RS18735",52
"N900_RS18740",34
"N900_RS18745",51
"N900_RS18750",42
"N900_RS18755",65
"N900_RS18760",64
"N900_RS18765",56
"N900_RS18770",78
"N900_RS18775",43
"N900_RS18780",68
"N900_RS18785",44
"N900_RS18790",53
"N900_RS18795",47
"N900_RS18800",44
"N900_RS18805",42
"N900_RS18810",49
"N900_RS18815",74
"N900_RS18825",65
"N900_RS18830",62
"N900_RS18835",60
"N900_RS18840",45
"N900_RS18845",57
"N900_RS18850",46
"N900_RS18855",52
"N900_RS18860",48
"N900_RS18865",46
"N900_RS18870",58
"N900_RS18880",47
"N900_RS18885",44
"N900_RS18900",63
"N900_RS18905",57
"N900_RS18910",53
"N900_RS18915",44
"N900_RS18920",48
"N900_RS18925",41
"N900_RS18930",48
"N900_RS18935",108
"N900_RS18940",51
"N900_RS18945",55
"N900_RS18950",44
"N900_RS18955",38
"N900_RS18960",50
"N900_RS18965",47
"N900_RS18970",71
"N900_RS18975",75
"N900_RS18980",51
"N900_RS18995",58
"N900_RS19010",63
"N900_RS19020",50
"N900_RS19025",51
"N900_RS19030",50
"N900_RS19045",52
"N900_RS19050",57
"N900_RS19060",65
"N900_RS19070",62
"N900_RS19085",62
"N900_RS19090",74
"N900_RS19095",44
"N900_RS19100",75
"N900_RS19120",69
"N900_RS19130",47
"N900_RS19135",77
"N900_RS19140",80
"N900_RS19145",46
"N900_RS19150",38
"N900_RS19155",41
"N900_RS19160",61
"N900_RS19185",53
"N900_RS19190",57
"N900_RS19215",70
"N900_RS19220",64
"N900_RS19225",76
"N900_RS19235",66
"N900_RS19240",59
"N900_RS19250",51
"N900_RS19265",54
"N900_RS19270",41
"N900_RS19280",37
"N900_RS19285",64
"N900_RS19305",78
"N900_RS19310",62
"N900_RS19320",61
"N900_RS19325",66
"N900_RS19335",50
"N900_RS19340",69
"N900_RS19350",52
"N900_RS19355",43
"N900_RS19370",69
"N900_RS19380",73
"N900_RS19385",76
"N900_RS19390",82
"N900_RS19395",57
"N900_RS19410",95
"N900_RS19435",75
"N900_RS19450",49
"N900_RS19500",52
"N900_RS19530",63
"N900_RS19540",48
"N900_RS19565",64
"N900_RS19580",62
"N900_RS19610",81
"N900_RS19620",68
"N900_RS19685",80
"N900_RS19690",44
"N900_RS19700",55
"N900_RS19705",102
"N900_RS19725",77
"N900_RS19740",52
"N900_RS19745",52
"N900_RS19750",56
"N900_RS19755",51
"N900_RS19760",62
"N900_RS19775",63
"N900_RS19785",60
"N900_RS19805",72
"N900_RS19810",56
"N900_RS19820",63
"N900_RS19830",70
"N900_RS19840",58
"N900_RS19855",64
"N900_RS19860",82
"N900_RS19875",84
"N900_RS19880",66
"N900_RS19890",69
"N900_RS19895",62
"N900_RS19930",41
"N900_RS19940",71
"N900_RS19965",59
"N900_RS20000",80
"N900_RS20005",81
"N900_RS20035",69
"N900_RS20040",70
"N900_RS20090",46
"N900_RS20095",88
"N900_RS20100",62
